4.66227579098491; 0
6.046865558334583; 3
-10.852215533376302; 2
-1.9658674683520982; 0
-12.199256114538485; 2
-12.126272965164837; 2
5.641410765605421; 3
16.172140103714124; 1
-10.25388912080378; 2
6.252175513429626; 3
-13.105425191740578; 2
-13.35627927542903; 2
-11.195989775946842; 2
4.673543015769274; 0
14.86897759685204; 1
4.792838709539861; 3
5.836389274106494; 3
-5.524085164038802; 2
-12.167971289630982; 2
-2.8345009482777277; 2
13.51844004128889; 1
-12.629475846862553; 2
5.523197977366595; 3
-12.999883650361419; 2
7.194450919966709; 3
14.753910873021466; 1
-3.6910102058513434; 2
-11.919244203356094; 2
14.405407068053554; 1
-10.810152359748116; 2
-3.0334955917589066; 2
13.962264460590376; 1
-4.0911481084635275; 2
16.756742728595395; 1
5.793662144487208; 3
-3.9001222169488456; 2
6.452129828401018; 3
6.415619556844129; 3
-4.192486958694024; 2
5.612377061530342; 3
14.488913979536248; 1
-4.22042737267177; 2
5.673978997398117; 3
15.492005373678802; 1
-11.77437280097323; 2
-12.446604533237313; 2
4.893617991959412; 3
-11.831476294274452; 2
-3.281325065014216; 2
-13.321459781738316; 2
-12.671558539114748; 2
14.69170762021225; 1
6.614117206784453; 3
3.8115286292655686; 0
6.214323320403346; 3
4.808215323034277; 3
4.575185522470134; 0
4.580387395411729; 0
-4.518713416256075; 2
2.97390422559185; 0
-3.41253507623991; 2
-4.398221797597632; 2
5.580410080933104; 3
-11.006718623871867; 2
16.58650227917976; 1
7.266696840597555; 3
-1.7229940722005344; 0
-12.035156367722694; 2
-13.764499600989215; 2
-4.527486484843832; 2
6.638489088520497; 3
6.196609561897527; 3
15.155090226752023; 1
-4.1664958564784085; 2
14.516171029338974; 1
-11.767531437278636; 2
-10.685405909430607; 2
5.3495271856949485; 3
-12.702152358083325; 2
-11.273086718284473; 2
14.077765197113422; 1
-5.629855268343311; 2
-11.969507239737972; 2
-4.184705553526279; 2
-13.707886125460275; 2
4.708858817691505; 0
7.074730047063452; 3
-3.8331947554291013; 2
15.13167431030883; 1
-3.903606919120443; 2
-3.005890231359402; 2
-11.696911952220661; 2
-12.59721460668264; 2
5.690453531563522; 3
14.133180759750461; 1
-3.3719689357748583; 2
-3.853684402760966; 2
-3.4089759556879122; 2
14.168055051730375; 1
-12.425941052390055; 2
5.3549344448065765; 3
4.612390315328734; 0
-5.08451772811957; 2
-11.988091269369372; 2
-4.50869898083612; 2
4.4665126835009765; 0
4.5102250138420015; 0
14.509599512306577; 1
-3.2187895303698273; 2
-3.6313592827529977; 2
-13.776451714754591; 2
-12.65332052974801; 2
13.277666568631185; 1
-9.933667895791677; 2
15.507538899765049; 1
-4.084127750685358; 2
-12.146544470736115; 2
5.728387237488735; 3
15.354327222939201; 1
5.826182707633478; 3
16.14739511421717; 1
6.044951817165692; 3
5.84054332297624; 3
14.020703984775343; 1
5.878281068299138; 3
-0.370524295217292; 0
-3.4442836805439203; 2
-4.022158864577118; 2
-12.758177228383849; 2
15.20685558385437; 1
4.437812098372288; 0
7.555748143484838; 3
-11.162831176628671; 2
13.347587521136102; 1
-3.4151425191063103; 2
13.073794523959867; 1
-3.7684827848938984; 2
13.307888595872516; 1
-11.73103035711464; 2
-4.479096871552619; 2
-12.823462692659106; 2
13.013444694043715; 1
14.033407599762425; 1
15.070827476820783; 1
-3.545742011083699; 2
5.882866795003152; 3
-4.945789220907198; 2
-5.153105252853798; 2
-3.8363751329707068; 2
5.74702648235516; 3
3.648567758582581; 0
15.457593429143676; 1
-3.3269947698468654; 2
-11.721540391024472; 2
5.447507191620224; 3
14.704997325133725; 1
6.538928150897658; 3
-2.356349009078295; 0
-4.268135927228747; 2
-4.308982297239546; 2
-13.580550913878128; 2
-6.145320165301497; 2
-12.73647702450022; 2
-5.068787646661824; 2
14.818221941399969; 1
-13.94224352645531; 2
-3.997815985274034; 2
14.445721372865572; 1
5.203233561257872; 3
-10.725499387315061; 2
-12.156299409420836; 2
14.723526175483828; 1
4.208618490137153; 0
5.8661985273943715; 3
15.91662976261025; 1
-2.481948398988257; 0
-14.485950985665937; 2
-10.790457140714558; 2
-13.218676322042192; 2
14.682250854282703; 1
6.57166213589972; 3
4.3647523466662514; 0
-4.0274970409098465; 2
5.726480320248789; 3
4.8825503602029565; 3
-14.168446617330517; 2
-12.907950922845966; 2
14.669358824030702; 1
-11.874367345881142; 2
13.924446869246202; 1
-10.861783075788374; 2
-11.105831864065696; 2
-10.700919652681325; 2
4.688995210916266; 0
4.578810057588874; 0
5.774696928396734; 3
-3.347630313560074; 2
15.300548628646782; 1
-10.754695335704568; 2
14.016256996775756; 1
14.495784144060055; 1
13.59303986209507; 1
-13.381239820853189; 2
6.19861810071758; 3
-13.649559651737805; 2
-10.936595233554854; 2
7.230831441771614; 3
-12.633740144530517; 2
-5.202896178137191; 2
-12.854556612767587; 2
-10.495916155713099; 2
12.882465653732995; 1
-12.106589105321367; 2
-3.358655607941535; 2
6.322541093856007; 3
6.904429855340255; 3
6.453653650714625; 3
-13.552778274733024; 2
5.965492391584799; 3
6.505401887944717; 3
-12.002830449238438; 2
7.115217855782455; 3
-3.6971996422131186; 2
-11.940191781507892; 2
-5.942413288877255; 2
-3.8060094921871626; 2
-12.723327329636367; 2
-10.812486651700063; 2
-12.60959289045264; 2
-12.334473079725162; 2
15.691773000374841; 1
-10.964414014903133; 2
6.147418749774221; 3
-4.646587094366624; 2
5.824458995954239; 3
13.34949135120328; 1
15.224083402124243; 1
4.34838604438272; 0
-5.108981317424225; 2
14.776111102186176; 1
-4.241743216352101; 2
-11.673720959610423; 2
3.521500569603017; 0
-12.906666484459727; 2
5.868570428089762; 3
16.7260591568908; 1
15.935908650757085; 1
-12.314437356350659; 2
15.811201748578448; 1
15.657773402433966; 1
-4.684531858968564; 2
-13.355088371438018; 2
14.918842219792719; 1
-3.9556249602975315; 2
-5.043655647183648; 2
-5.265542898029483; 2
-11.944763173142466; 2
-3.0274802378748946; 2
-3.621922089455151; 2
5.376493376717779; 3
-3.802424087929175; 2
-3.535598856202054; 2
16.082488772231212; 1
-4.588265312694378; 2
-5.638818721048793; 2
14.293301189506526; 1
4.764484210412511; 3
-13.237068481649253; 2
5.467689186160752; 3
-4.024723982844454; 2
-3.996061483992316; 2
-3.4787166829117195; 2
-3.467150485774921; 2
6.242475585446081; 3
-3.0531469041523165; 2
-13.225277566912752; 2
-1.9064683808359488; 0
6.982757694467901; 3
-4.625495737477369; 2
-3.3613791217942617; 2
-12.312482796283373; 2
-11.789934289421309; 2
6.914188209788162; 3
-11.801796764766308; 2
5.969857379474018; 3
14.628270923932101; 1
-13.722511005855857; 2
-5.2982255260546385; 2
15.4287151544016; 1
-12.81708313472367; 2
5.839832572958429; 3
-12.645492126224651; 2
-6.055072226092607; 2
-3.567107768152603; 2
16.38850498342821; 1
7.311979675239034; 3
-3.132022947800849; 2
14.072922077488652; 1
-12.066264775166164; 2
-4.587373273024997; 2
-5.330913867028063; 2
-13.623896321442075; 2
4.12805194714267; 0
-12.615195977595533; 2
-15.442996452153507; 2
-12.861299721564741; 2
-2.7891935465149302; 0
14.159864424164263; 1
-13.418871724203466; 2
-10.948471045842732; 2
5.049595972583229; 3
5.639692033812159; 3
3.5034267303060758; 0
-13.54319989161257; 2
15.549659467624846; 1
-13.145150086698093; 2
-5.073420548202681; 2
-3.8961558637005784; 2
-5.214261755721984; 2
6.107965436959435; 3
7.0970642711333705; 3
4.15372367888661; 0
6.426600987100286; 3
15.867239439324981; 1
-13.209775184118984; 2
5.77580875414083; 3
4.927528879204181; 3
8.460607560879513; 3
5.2965929479620115; 3
7.971460546677336; 3
-3.884883421948276; 2
14.580912414401613; 1
-3.610480827092439; 2
-12.299268415268841; 2
-11.128637708231462; 2
4.936576002236241; 3
6.304418220904898; 3
-10.675863215387913; 2
-10.828103619713326; 2
15.864738466036327; 1
-11.94656247840798; 2
-12.163647515033054; 2
-4.810698148610673; 2
-13.068440154326614; 2
4.313365055905217; 0
12.969577642708002; 1
16.99260900457078; 1
5.554809933798783; 3
7.784859555542031; 3
-12.419886321150555; 2
-10.842796488643922; 2
-12.443085000511152; 2
-3.1322499596771625; 2
-4.102392936326883; 2
4.563759090801333; 0
7.428590284809315; 3
13.435098776720363; 1
-12.645878905242801; 2
-11.440172521816166; 2
5.777975616603884; 3
6.264983357814222; 3
-12.16974099143982; 2
-5.119811490993109; 2
15.038302348514875; 1
14.104136989727559; 1
15.07048368032803; 1
13.711755436339853; 1
15.357303762699047; 1
-12.602333104305483; 2
5.300663005992954; 3
5.1122867325767505; 3
14.04840128164357; 1
-11.11728691871187; 2
13.814706578695926; 1
-12.14039056428336; 2
-5.513252393383381; 2
-2.600772287536703; 0
-14.36538580364223; 2
14.554188857434665; 1
6.805950584462273; 3
-12.68075065686204; 2
13.614507376011176; 1
7.204675628833718; 3
-3.9123589813776394; 2
15.59006635207367; 1
-12.394666406955453; 2
-5.304484066516859; 2
-2.754087401411107; 0
6.655462472281609; 3
-13.914095886706303; 2
14.423983036651329; 1
11.664713830553291; 1
-11.308242318257706; 2
5.9266280710741785; 3
-12.0357563639656; 2
-11.483919684720048; 2
-4.422213599326624; 2
-3.870303018385159; 2
-3.259814655712676; 2
6.200132041031345; 3
4.77554007733077; 3
-12.617154126752597; 2
-12.168386848098722; 2
14.802339984436095; 1
7.303940390093847; 3
-5.115107127352352; 2
-4.5766328760673645; 2
-13.003269130348038; 2
5.035288020822895; 3
14.24440751582521; 1
-11.940372246592501; 2
-3.8005338500951042; 2
15.15467547143215; 1
6.041378102975799; 3
-12.3644779059202; 2
14.844286127864725; 1
-12.405518336651939; 2
-11.276353787702801; 2
-3.034472336049858; 2
6.156886479854896; 3
7.313083839376269; 3
-11.415438987905437; 2
-12.467731334979442; 2
-12.223487151880647; 2
-11.12840660848067; 2
-13.312163075500392; 2
5.587339702847937; 3
14.074575651533502; 1
14.554986927498271; 1
-11.498052305550729; 2
-4.5215713443834655; 2
16.436946221276205; 1
15.228573607590818; 1
6.276584845794191; 3
-3.976295453041045; 2
5.755644943759263; 3
14.836927564519806; 1
6.2609965342672655; 3
14.633371062837783; 1
4.809870306506664; 3
16.355533656958148; 1
15.436446829185451; 1
14.922284954100636; 1
6.154330386228806; 3
11.962817142395258; 1
7.461972067477528; 3
-4.909681645624089; 2
-12.333037481812829; 2
14.063345428157719; 1
-3.771900088850061; 2
13.519340122046785; 1
4.703854488879369; 0
15.179178618812914; 1
-5.425065688627589; 2
6.962585344694157; 3
-3.305858763032689; 2
14.514064785410252; 1
16.54595192500868; 1
15.603282329977905; 1
14.49612912078809; 1
-2.6932515194248277; 0
-2.505860782951257; 0
-3.0830882022951274; 2
-13.85324759872698; 2
-12.051467843708283; 2
-5.386004051478924; 2
-4.159038175345694; 2
-12.575060380697574; 2
6.944350606732392; 3
14.823965788471718; 1
13.876056510653598; 1
-6.347902276765829; 2
-6.2215289833988265; 2
7.502822484027266; 3
-13.94372989289359; 2
-12.680030525399557; 2
-11.4831230823007; 2
6.3292270157553325; 3
15.511756007586056; 1
5.518135053174126; 3
16.270985847962947; 1
5.870533628665656; 3
14.308120467899847; 1
-10.734764905845633; 2
15.362499575380124; 1
14.849805406932832; 1
-4.96921515280185; 2
7.57487531281774; 3
5.255248701316231; 3
15.91050814956775; 1
6.720714582008192; 3
-3.1165402103816193; 2
6.346918349493589; 3
15.195158523484757; 1
-6.063588494971205; 2
13.88716277740981; 1
14.948603380410832; 1
14.808825905976878; 1
-3.645034533817788; 2
-2.6191007035262888; 0
13.81226299149158; 1
5.726439807266227; 3
-11.958838133442134; 2
4.238432892093716; 0
-13.029400416452392; 2
6.6653965473878705; 3
6.010753604093719; 3
14.451269055492011; 1
4.482248490575716; 0
6.483165269296777; 3
-3.2211545221893223; 2
15.29078029940021; 1
-10.512287458543213; 2
5.778978437547551; 3
-13.0120969880964; 2
-5.206914427130371; 2
-11.863302836255087; 2
14.020659286911162; 1
15.846532430605286; 1
-13.865246816869044; 2
5.575197058169805; 3
-11.622300835957269; 2
-4.27911964329344; 2
14.56335831619853; 1
-12.437096439712407; 2
-10.850291170434625; 2
-4.082436475366461; 2
-10.008172329536055; 2
15.138998005963655; 1
5.269424606815808; 3
4.883531234766576; 3
6.514592736239102; 3
-14.09244962548256; 2
4.922595209605351; 3
-11.16016281895567; 2
-10.884810641668718; 2
16.02267728024949; 1
-11.145409325991071; 2
4.605845527045546; 0
15.461106965373752; 1
-13.462903466336183; 2
6.5019879479821325; 3
6.56530087157291; 3
5.712584594764577; 3
-4.453931428631962; 2
4.746073323719717; 3
-12.415644202422474; 2
-12.370675755046394; 2
6.379925483827453; 3
16.874115731032823; 1
6.54267015742538; 3
6.715878391059611; 3
-4.341231380292206; 2
-12.016415950754684; 2
14.613747004883782; 1
-13.207711799714312; 2
13.843099901435371; 1
-13.527181897404821; 2
5.469795040434349; 3
15.624706696392813; 1
-13.471181616594777; 2
-3.2722390610083036; 2
-12.73621855102056; 2
-5.531262448888722; 2
15.252961566145741; 1
-10.983391695427581; 2
-11.347950026693171; 2
12.424598299481149; 1
6.132661287775562; 3
-4.226883637078725; 2
16.310996106791972; 1
-3.7214186921033305; 2
14.719088524711154; 1
6.391766575439064; 3
-3.385974038518286; 2
-13.105248777174928; 2
7.477523760786921; 3
5.884136447366856; 3
16.878282082275145; 1
6.947829490491069; 3
-11.495584090855518; 2
4.0368368131879775; 0
6.741511683752151; 3
-12.07944720060029; 2
-4.87902079798869; 2
5.443279266439302; 3
-3.9352866345385866; 2
-10.752513022716583; 2
-6.587893802222351; 2
-6.76493087433374; 2
14.97922196233368; 1
-4.287416988202598; 2
4.871349586382141; 3
-3.0402190437481846; 2
14.10431741437341; 1
-10.461977279858779; 2
13.830184108996853; 1
6.114515850041655; 3
-5.693156323848834; 2
15.567126325442043; 1
-2.9454937939816914; 2
16.104083610002448; 1
-13.632156261247646; 2
6.221863497656592; 3
-11.628430528443054; 2
-11.042293918491698; 2
6.092293752892043; 3
16.484358812067512; 1
-11.031433091412051; 2
-12.832391178578082; 2
6.90098489660119; 3
6.4122562688653835; 3
5.932676229235121; 3
6.135678110558886; 3
6.864773953817363; 3
14.079826415661705; 1
7.897570952379137; 3
-11.686881454147196; 2
5.26870093554039; 3
7.144903492673204; 3
5.142773098485244; 3
6.531738439853701; 3
-12.765902392785485; 2
-4.246126190506658; 2
-4.552156951229754; 2
-12.411122333984508; 2
4.878317272802349; 3
-5.3027888123352; 2
-5.1981616128058; 2
-2.6418322436488255; 0
5.179422927998604; 3
-4.008787888702009; 2
-12.453886120836811; 2
6.8636026001317365; 3
-12.70769243330638; 2
6.43738262825088; 3
-11.903951120786038; 2
-4.199992896516061; 2
16.945754950361632; 1
-4.128775615257976; 2
-5.040829247615541; 2
-4.1188587306638995; 2
-4.301889960574176; 2
5.467831955636705; 3
-2.7828606762692876; 0
-4.16214798987767; 2
13.522260460307; 1
-2.885649150261045; 2
14.339049639257665; 1
14.976132548704921; 1
4.220292570151555; 0
4.173439494149684; 0
-3.398902411749867; 2
14.707747094044935; 1
13.543033723013133; 1
5.938845633088007; 3
-12.043314492094538; 2
15.259282400168805; 1
5.868716393314544; 3
15.523619306615876; 1
15.903681706562175; 1
-4.363178700353136; 2
15.902867067621125; 1
16.182255909298426; 1
6.3149832787685165; 3
-4.512961975425723; 2
-2.272969057148845; 0
-4.52545561771859; 2
-9.90968145938789; 2
-2.635303073484101; 0
-12.931335426388431; 2
17.288909194563697; 1
-12.688009284959083; 2
5.881938302700967; 3
15.410557004225721; 1
-13.008924491958938; 2
7.5204292826467345; 3
16.77701105421449; 1
-5.140329637586943; 2
-12.532038531504632; 2
7.364724163400032; 3
5.470225434621002; 3
7.058882044497939; 3
-5.057054558323848; 2
14.807307676708232; 1
-13.324284279051252; 2
-12.848475899249939; 2
14.518571652879903; 1
-13.167852277300396; 2
7.389777574090214; 3
7.130240786870429; 3
5.983336574896288; 3
-12.833538610933198; 2
-11.976822099044531; 2
14.89762215545258; 1
6.606351663546679; 3
-13.781263612586825; 2
14.622440056230424; 1
5.949182609689696; 3
-11.650624775561052; 2
-4.474868797352158; 2
13.82227108200486; 1
4.774553696103792; 3
13.647645158622627; 1
3.88310116371393; 0
14.982061357332197; 1
-11.860130525483129; 2
-4.428025548450338; 2
16.883493813661925; 1
-3.9854208794757495; 2
-5.193430064647383; 2
14.043178695952115; 1
6.116967109591618; 3
-4.798678354167902; 2
8.792357249581226; 3
6.983494018070922; 3
5.308998201924759; 3
14.59419793115528; 1
6.234498341233215; 3
-5.500273381847607; 2
-3.6876992243137448; 2
-5.823689111814883; 2
-12.250091455266903; 2
16.86403970438526; 1
7.95582604396876; 3
14.007615759957192; 1
-3.840136429545099; 2
5.618152791586575; 3
-10.866091978888788; 2
14.74790366648994; 1
-4.6502501146292055; 2
14.57061221571002; 1
12.860025099364313; 1
14.385932897129104; 1
-10.35595440430709; 2
-4.917207103607388; 2
14.992597242804688; 1
5.297077246908669; 3
-4.796872445520176; 2
-3.8608011310683774; 2
6.871699513203355; 3
-14.029657718547693; 2
-5.425514945966191; 2
-3.2663045794640513; 2
13.769821280419608; 1
6.523716487384272; 3
-4.359214784769111; 2
15.873792594489485; 1
4.8485395802306295; 3
13.163950488760769; 1
-4.638886647309026; 2
-3.715481766966604; 2
6.564565339893773; 3
-5.813441091892105; 2
-12.813922405633662; 2
-4.714483421775186; 2
-5.283234035692381; 2
-12.895115121071004; 2
-13.287525814553224; 2
-11.403971856321666; 2
13.186535231926982; 1
3.7751331817424782; 0
-4.901111052698436; 2
7.10718402148969; 3
-3.8068639787603735; 2
15.117285499091729; 1
-12.203545870017717; 2
15.725594974830226; 1
14.445098917822044; 1
-12.172368030465773; 2
5.968672414729704; 3
-13.09235493057006; 2
5.550399081751681; 3
13.478520557548007; 1
16.731301788906613; 1
-3.6217909840132827; 2
-13.720075934293767; 2
-4.880775126396058; 2
4.875866627429319; 3
6.069365320392761; 3
-11.443271069652376; 2
14.519097312222481; 1
14.72658519703856; 1
-3.53890620869335; 2
6.96529312723925; 3
-13.228999942459021; 2
14.795681858196929; 1
13.639249706640653; 1
5.826511423840062; 3
-5.018373527312789; 2
-11.856973868369973; 2
14.288841025275504; 1
-12.880129029561765; 2
-12.1764831002375; 2
3.487925975109484; 0
15.902347604239715; 1
6.025546823958668; 3
-12.727559353236456; 2
16.106390973705658; 1
6.716212203978778; 3
-10.956462779196286; 2
-13.6437960680983; 2
-14.288939451440294; 2
15.68557350700362; 1
-3.8038766827685895; 2
13.692934352714234; 1
7.428248674719147; 3
-11.234372399676028; 2
7.506610416256896; 3
-13.104175321380087; 2
-12.43235375254516; 2
5.697061878255653; 3
13.65750177102342; 1
-13.582751026235089; 2
14.852731829897456; 1
-10.573619440096339; 2
-3.698709662573727; 2
4.666092228792591; 0
-13.297069794175709; 2
-5.5493205079926025; 2
15.295509314758393; 1
-4.871950024153147; 2
7.848713097352351; 3
-12.030723945643524; 2
-6.051235499665509; 2
-6.286804215611564; 2
13.786788388459742; 1
-12.752037430707011; 2
16.2074063581556; 1
-13.613784811129811; 2
6.13522077189099; 3
-13.371659936694112; 2
-12.64401262962488; 2
-11.827336186919599; 2
14.876147473892464; 1
-2.7146093608519033; 0
-12.240742352271122; 2
2.8464246589901028; 0
6.26506813947198; 3
15.471702095296198; 1
15.166811063323289; 1
-12.918663235596334; 2
5.073686388001253; 3
16.040737770763158; 1
12.281443498980506; 1
-3.842278058731236; 2
13.230066843799937; 1
-3.1102827163526507; 2
-11.520377831413947; 2
16.49093049658891; 1
15.235579690808521; 1
-12.006552059281699; 2
6.582728810966998; 3
7.4685842896693195; 3
6.0484697381884684; 3
-12.9529881288118; 2
15.000489680196427; 1
-3.7420446926161213; 2
13.675157948296016; 1
4.699186185913626; 0
15.109970053834724; 1
13.994957025778058; 1
-4.0548146636225395; 2
-11.981751214569242; 2
15.538721800494239; 1
3.1824620943930557; 0
4.768970234343413; 3
14.310150792664983; 1
-12.425098557088283; 2
14.857749656866721; 1
14.51384119783302; 1
12.706423860613425; 1
15.168994411333081; 1
6.609544620454694; 3
-4.883914222424737; 2
-11.850194231835006; 2
-13.292872058379178; 2
14.783310875055125; 1
4.826738149510689; 3
-4.338245601735303; 2
-12.173547721436957; 2
-13.137150636204627; 2
-12.094771640163852; 2
-3.9949629039810635; 2
-3.9760518740302038; 2
13.890523906620004; 1
-3.177894534125081; 2
6.06740276426186; 3
6.8948363001840205; 3
-4.031889881180247; 2
-12.428547589959075; 2
-12.594655462374684; 2
-12.10897873699627; 2
-11.626143084073773; 2
-3.811421333769397; 2
-4.069175664353202; 2
-3.616848770310595; 2
4.662506516917745; 0
-12.80578371881214; 2
-5.759606680046159; 2
-3.5910200681819178; 2
-13.387881877049237; 2
-2.1284131049173918; 0
5.589761882485326; 3
14.7336494236658; 1
-5.009025245666047; 2
15.161009911801555; 1
6.78158985837369; 3
-4.038499058328941; 2
-4.6631127586707395; 2
14.478433692573253; 1
5.892541790511577; 3
-5.051753328466363; 2
14.54562574689446; 1
-12.225062325030787; 2
12.916433283354984; 1
14.675159875070245; 1
-13.522467031142575; 2
13.068255766046104; 1
-3.4909085846504; 2
-4.114080304058756; 2
-3.080220016590885; 2
7.055187505032098; 3
-4.05509388148444; 2
13.690629111751633; 1
-12.915441420858416; 2
-12.493342741345945; 2
-4.368611909177839; 2
5.137685795695354; 3
-3.440849488696868; 2
-3.4525583547185135; 2
12.874081085767397; 1
13.41404127623272; 1
-5.42858081201849; 2
5.553798161001167; 3
-4.614622512786655; 2
-13.837205478366783; 2
-12.140883886672578; 2
-4.012908514935483; 2
13.890112390531812; 1
-13.921070970874599; 2
-12.574476823318362; 2
-13.090894582890053; 2
14.536961260960267; 1
15.092582519339942; 1
-4.784991849428534; 2
13.005403281288693; 1
-13.606669154036688; 2
14.37423325031153; 1
-4.2887001091917325; 2
-11.93917696874984; 2
4.129728460377978; 0
15.52408948558089; 1
4.633021117009722; 0
-13.808031941716733; 2
-13.37733829936371; 2
6.060847467357051; 3
-10.74002300399572; 2
7.274018905798463; 3
-2.736509238762781; 0
-4.034220457050852; 2
14.323735385153533; 1
-14.173383225159407; 2
-2.6639499352578606; 0
-12.084964884496644; 2
-12.612774994397165; 2
-4.930860689470375; 2
-4.086988862780239; 2
6.834376513207632; 3
-4.322108715951619; 2
15.419784973839734; 1
7.275376958356093; 3
-11.992090422462795; 2
14.082567818303643; 1
14.780496171350698; 1
13.225715537084113; 1
13.29690889564916; 1
-4.910193041693546; 2
15.521315410112141; 1
6.910001525650369; 3
14.333485534232542; 1
-12.898074125421289; 2
-11.581131271595748; 2
-13.104727294779854; 2
-3.930904768550997; 2
4.790637329676112; 3
14.952462049311013; 1
13.80545576870602; 1
6.431811049239127; 3
4.203333173492259; 0
13.261237765987959; 1
-4.537056654770779; 2
14.612711815285616; 1
3.510443127329972; 0
6.279030521912173; 3
-13.63666823900014; 2
-5.309596939910634; 2
5.496901413814278; 3
3.318356668892605; 0
7.348337878128831; 3
6.23078402001248; 3
16.976138859191302; 1
5.892506209338172; 3
5.317947993731686; 3
-12.19975030689838; 2
12.530653195574104; 1
-2.4547497344158407; 0
-12.812024766541601; 2
14.962296526426124; 1
-11.746996735777284; 2
4.930994064623879; 3
-10.812167633375772; 2
16.056981579655755; 1
7.298379813512778; 3
-12.900461441933293; 2
6.1703908078595155; 3
4.841599337702521; 3
14.809309288081677; 1
6.195754925377825; 3
13.821582793717907; 1
-12.250797939371132; 2
-10.876193955203107; 2
-12.901870788841293; 2
-11.842852957337398; 2
-4.032321607962698; 2
-2.1136441474557657; 0
16.112068917224967; 1
7.122407945793963; 3
6.081710209005604; 3
-3.361581603653604; 2
15.627535957219676; 1
4.812511706295562; 3
6.8764216304743515; 3
-4.3453838483964855; 2
-11.559433414368545; 2
-5.20347059605443; 2
14.469987686873086; 1
-3.188086187958369; 2
-5.129574583328825; 2
8.141363636083593; 3
6.005683079368144; 3
-4.6458236482857025; 2
-5.7657453125804965; 2
-4.6168843789756835; 2
-11.936503191361364; 2
-3.4966197198948996; 2
14.595505768914133; 1
-4.42628296586019; 2
14.976452449013578; 1
-3.2187302687269392; 2
-2.975511501064579; 2
14.258951521915325; 1
-12.283820227727562; 2
14.407756295177467; 1
15.024783865837993; 1
-3.2882410079849396; 2
5.359827123400154; 3
5.3160292522400585; 3
13.544414099520875; 1
12.134678678531692; 1
6.51887167846216; 3
-6.023875639432577; 2
14.7179921923678; 1
6.147920751556101; 3
13.756197300384564; 1
-12.758591196738188; 2
-6.484749609443277; 2
14.19041838965112; 1
-11.881139405498756; 2
-12.461291815011073; 2
4.778388489111126; 3
-4.863223915385666; 2
-12.133723973436055; 2
-4.782085221090655; 2
-4.394363591422807; 2
14.653883136889236; 1
-2.9272244071779716; 2
14.777172756336657; 1
-2.6415899601652706; 0
-4.277383129881449; 2
14.30600157327527; 1
4.102413598595658; 0
14.67307528914196; 1
4.154235940375452; 0
15.06733828214585; 1
-12.401348467445192; 2
-11.774002011847266; 2
14.992819494873999; 1
5.288671862924133; 3
16.471550132217093; 1
5.348971966266094; 3
13.680936681214586; 1
-4.2020342403002084; 2
-11.685549136188856; 2
5.895786690151681; 3
-12.904080342641606; 2
-11.713009506288797; 2
14.472285509693814; 1
-12.412818214876399; 2
-4.399633719861428; 2
15.818439474174566; 1
-11.543211773628247; 2
6.088725888475207; 3
-12.283962355235195; 2
-2.830422193511696; 2
6.460230040238984; 3
4.471497426391021; 0
-4.84715710200872; 2
-14.059412851939816; 2
-3.729207180019709; 2
7.7329527984793485; 3
-4.3084998539820125; 2
-4.9309302557702; 2
-5.354314803343147; 2
-2.95540745544682; 2
-12.856421967700985; 2
-11.480528483714785; 2
-12.128842242344216; 2
4.069011614503871; 0
-12.176282159720282; 2
13.398869663435358; 1
-9.329302213946068; 2
-5.455532237580775; 2
7.073218393491335; 3
-10.897945725449205; 2
13.96080149977325; 1
-10.82831471799388; 2
-12.593617183246987; 2
-13.013915591425633; 2
-13.908159425571824; 2
-4.361559260739627; 2
-10.523871748710997; 2
-12.02303178333481; 2
-5.150733209180091; 2
6.602559581617096; 3
-3.048326554824335; 2
-0.9403001367015928; 0
6.49136297800125; 3
-4.952875556630486; 2
6.8683896842809355; 3
13.450012403233213; 1
-14.707254610334594; 2
5.136132988304008; 3
-11.381805593814601; 2
15.212051381286246; 1
14.848134623009031; 1
6.4052824984261125; 3
-10.699514000066602; 2
-4.152342516233067; 2
-4.548368894279875; 2
-2.820194630955637; 2
-12.755199746114792; 2
5.153213507191143; 3
-12.649921215652968; 2
13.399281074882628; 1
13.259311729820567; 1
-6.153591364337652; 2
-1.7659146412872513; 0
-4.864086918818271; 2
13.004666286796624; 1
14.072405269799152; 1
-11.507836943705833; 2
-12.060931285124989; 2
6.728673519632428; 3
-13.190303395055894; 2
4.5506200849863845; 0
14.867446861037402; 1
-3.9414646155482065; 2
5.323566160310797; 3
-11.384207003009202; 2
-5.780863427962186; 2
-12.071765680472412; 2
-3.1730142435597926; 2
6.780472347696334; 3
17.374479556011945; 1
-3.354391034481215; 2
15.39206784314261; 1
4.5788821569037435; 0
-3.17577286068577; 2
-12.937079836899157; 2
-13.588582095523098; 2
14.12595069547981; 1
-3.8774500019982123; 2
5.571734936287776; 3
-11.128235299846708; 2
5.8197751475035355; 3
-11.168663066584248; 2
-4.0047144267459505; 2
13.962706701911378; 1
15.015735877974095; 1
13.557883612302515; 1
14.005344868768066; 1
6.206310121277152; 3
14.697779758341532; 1
-11.617814850531126; 2
14.675501606911613; 1
6.485457875867167; 3
15.491159721538658; 1
-4.2367246926726105; 2
12.466730217430122; 1
15.765182433362158; 1
-11.903813808140375; 2
6.305926748416254; 3
17.126581422156654; 1
4.888770208473763; 3
6.345782821313541; 3
15.698745796980042; 1
13.524797072441721; 1
13.96210224151143; 1
13.123303527750796; 1
15.547699203202551; 1
-2.626537507772613; 0
-2.6917312193176093; 0
5.591624171430366; 3
-12.264241854205387; 2
5.226378698644912; 3
15.858201131980769; 1
-13.875636833130928; 2
5.75524604243543; 3
-11.017427882587546; 2
-12.620383299792739; 2
-3.5863644577701272; 2
-3.2617991404187316; 2
4.613988015845742; 0
-3.951344213613993; 2
-3.3207241889082058; 2
-4.385107936655432; 2
14.649863213152186; 1
-10.689047012792312; 2
-4.484364112729554; 2
12.76717506022035; 1
15.73233123069379; 1
-6.520511728462526; 2
-1.6785968614016036; 0
14.765503053312427; 1
6.087002176511493; 3
13.75847512244374; 1
-10.385972478984941; 2
4.727030703934487; 3
3.594424248794092; 0
13.907141964982033; 1
-12.214548847317014; 2
-5.440414467319898; 2
-11.614221980258769; 2
14.405252749046758; 1
5.2573132420306115; 3
14.778181655075414; 1
-11.178842700289822; 2
5.258262783772022; 3
-4.824970287722708; 2
6.304051051619838; 3
14.373973721811875; 1
-4.175904222441199; 2
7.359336506579125; 3
15.263973577670656; 1
5.184327547596859; 3
7.219642128496635; 3
-4.8124516018299035; 2
-4.593049950190306; 2
-4.618955695665309; 2
14.474998466675684; 1
-11.90466934159582; 2
-10.983068159685317; 2
4.4600038562430235; 0
-13.604106945750768; 2
4.878426114034715; 3
8.441947799534304; 3
-4.8967990779060795; 2
15.200862508304573; 1
-3.10496038185037; 2
-4.798340605458096; 2
-0.7427615275977293; 0
5.70548921955132; 3
15.25555874354596; 1
-13.554078769435474; 2
14.031258247523816; 1
13.744419544209858; 1
-12.718844775581045; 2
13.555838099847838; 1
4.93127981269852; 3
14.72624434345692; 1
-2.4674590976993596; 0
-5.884034938924423; 2
6.892185085823884; 3
4.606556734069903; 0
-13.173243694800316; 2
-12.596497550612835; 2
14.41992619708768; 1
-13.552770478062744; 2
-6.198524566115409; 2
-4.6468793592564195; 2
6.159040832379614; 3
-4.191147261283899; 2
15.009378221681612; 1
-12.356997827982326; 2
5.150824793990741; 3
-12.444735086892608; 2
6.060665272692276; 3
13.604490276511507; 1
4.156254791617549; 0
6.324103360190125; 3
-13.824560359894058; 2
-12.678975318302772; 2
-11.85667586354075; 2
5.891245387200998; 3
-1.9383360918243717; 0
-3.5146342695488455; 2
-11.031483956430117; 2
15.198633057229788; 1
5.951580556243088; 3
16.319410168964673; 1
15.143294819226192; 1
14.38103035957498; 1
13.188013955995268; 1
6.400802974980198; 3
14.68646495972651; 1
-4.728054836033093; 2
16.90052074605717; 1
5.429859641184139; 3
-12.208253968510538; 2
-11.811483468981447; 2
-5.07712180250597; 2
-5.266274444598977; 2
16.036274871285254; 1
-11.95187615252738; 2
16.07385198641811; 1
-3.198566633797639; 2
-3.6261960948460192; 2
5.577569020532679; 3
-12.647457439582492; 2
-4.021555092056637; 2
-13.726015540375434; 2
4.8950497390198855; 3
-12.564825351706105; 2
15.693642075406524; 1
6.2131740629595775; 3
13.505731609619222; 1
5.51164812866505; 3
-12.375066718731437; 2
-4.115482780074434; 2
6.9631336784948; 3
5.384723400638675; 3
5.344868224169057; 3
16.99963978169577; 1
13.76432677193733; 1
6.442482603415739; 3
-4.580846642496202; 2
-10.209346411781386; 2
-4.214274125954796; 2
-3.511683332300971; 2
14.167745592073729; 1
7.301984995429265; 3
12.615930903769303; 1
-5.490823367810819; 2
-5.044723443981948; 2
-4.257444353541426; 2
6.396224960695349; 3
15.706001216134538; 1
-11.713879470787763; 2
5.09651029167726; 3
-4.434729151241413; 2
-12.033331657123819; 2
14.486642351602192; 1
15.662412655323122; 1
4.961970439453316; 3
14.750188392324047; 1
6.341374724030555; 3
-11.498263121292338; 2
-2.7683188944026877; 0
6.623388159757143; 3
14.59509119894362; 1
3.721378168444615; 0
-4.440675085321186; 2
-3.7363327275375164; 2
-13.00979438853092; 2
3.550851804212682; 0
14.931129672404941; 1
7.161403672506899; 3
-3.5543842226310396; 2
-13.544213008648999; 2
16.363359911123506; 1
6.067949868219225; 3
-4.285422213510789; 2
-12.646049913372208; 2
4.645708556629913; 0
-13.585577752366433; 2
-13.004948711778097; 2
7.532461796547851; 3
-12.817055417351677; 2
15.699316828183804; 1
-3.523362032176395; 2
17.298723701338652; 1
-11.926026908364733; 2
-4.608629985973802; 2
7.302177488475453; 3
15.1031971755471; 1
14.304009177647762; 1
6.627744104035543; 3
4.926192831555175; 3
-11.714514015144202; 2
-4.692750558898309; 2
6.667517251555294; 3
-3.5007171951086873; 2
-5.098371852064953; 2
5.502472829960717; 3
-11.916362616719766; 2
-3.473896442459516; 2
-12.439312547385063; 2
-10.66131838642; 2
6.10572633456962; 3
-13.345113760119728; 2
6.867540400095045; 3
13.168201536788466; 1
-4.158862184610471; 2
7.165031024547117; 3
5.229521170438425; 3
-4.216967115189059; 2
15.885444885973275; 1
-13.255767609558534; 2
-12.333367822400565; 2
6.312749744591546; 3
-11.012163952916126; 2
-11.680241199500353; 2
-13.259454010084575; 2
5.947508489404166; 3
-12.293745339159264; 2
-5.1094153059591445; 2
-12.168300765520732; 2
-5.372628030161628; 2
14.436770771915864; 1
15.405316519718397; 1
6.802819847206087; 3
15.083205394269468; 1
6.0979521632434315; 3
-11.785197458999997; 2
-3.9221041375266483; 2
-2.576715956144911; 0
6.818049011625785; 3
-4.895699435851878; 2
-11.938163047874092; 2
-6.801706794703872; 2
6.310933629535905; 3
15.596298869962455; 1
3.688013157430152; 0
14.38199582164609; 1
7.065427572436553; 3
14.201008584530985; 1
6.705337508898133; 3
5.525788598740724; 3
14.25200739013493; 1
14.59667245790972; 1
-3.438990951204601; 2
13.84944965903662; 1
-3.6440144136095927; 2
-2.960490022047528; 2
-5.548607254606988; 2
15.697335341581502; 1
-12.18636719175066; 2
14.572717517058551; 1
5.378934597319308; 3
5.325148303706369; 3
-3.599298711355901; 2
6.760629350652624; 3
-13.246363836546514; 2
-4.773208092557382; 2
6.4760899707867425; 3
15.719912769806314; 1
-5.286919619175944; 2
-3.1176237542851477; 2
6.137712318295188; 3
-11.54870736745534; 2
-11.077546077922893; 2
-3.782093528785216; 2
15.381252442304474; 1
-5.101541074401225; 2
14.586241173601852; 1
-3.7456536112419534; 2
5.577727740737672; 3
-11.745709220126834; 2
15.172899881631032; 1
-12.609534884966319; 2
15.701589750570353; 1
-6.561396424474218; 2
14.523072281133363; 1
6.9207580032096185; 3
-3.8466075054138975; 2
15.933887505152631; 1
-13.128700202072078; 2
6.549559150787238; 3
14.927911661313534; 1
-13.559405925969475; 2
12.73750549564476; 1
-2.596373572912059; 0
-4.341893340927058; 2
13.07722779541925; 1
-12.289170183053088; 2
5.516451778957404; 3
-11.806254678910452; 2
-10.381314346844308; 2
13.505941165825664; 1
5.710217109129771; 3
16.081235698349012; 1
15.466040117171877; 1
-12.462159668351894; 2
6.634779431750844; 3
-4.747841615770821; 2
14.701512854449415; 1
-4.5079281980395915; 2
-1.8860270559792118; 0
6.022674584918605; 3
4.755600093397094; 3
4.181386789066048; 0
-12.473110616375775; 2
-2.1040340494010206; 0
6.898978951972948; 3
6.049202608054822; 3
-14.11982122506363; 2
-5.04530025903122; 2
-12.406352048008031; 2
-3.063602100476656; 2
12.471576216731405; 1
14.88821580688925; 1
13.230212641435479; 1
13.520802525183504; 1
-3.725655640298476; 2
-6.63809852162151; 2
16.040677556565576; 1
-4.903787579187976; 2
15.288454182530018; 1
7.398570126004931; 3
6.471436942214844; 3
5.226302548833544; 3
-3.717733412441947; 2
-3.195401554356469; 2
-11.903682085817087; 2
15.139486991069806; 1
-4.08403906620284; 2
-12.14836939388501; 2
14.782881407678241; 1
-11.890245704389176; 2
14.548262213391672; 1
-11.588059780088894; 2
-13.715376298709344; 2
-4.15216580061161; 2
-2.7013116247242053; 0
6.60464062500975; 3
15.624883374174823; 1
-3.0397378827680095; 2
14.539799068575707; 1
-11.924141168915204; 2
5.85269871060629; 3
14.57710528458116; 1
-12.672794611347765; 2
-2.8361949056376394; 2
14.9472769549162; 1
-12.907966985446322; 2
-11.30002351291815; 2
-4.061529292686293; 2
16.375818310052352; 1
6.106896298912127; 3
-4.531772645542956; 2
6.572186771072952; 3
5.484279861549476; 3
-3.8644656519620457; 2
-11.883961271639189; 2
-3.3804790428689437; 2
4.324648892661653; 0
-2.1306943850955014; 0
-12.000029283951985; 2
14.935752682071799; 1
5.721928156355138; 3
-4.508191705723844; 2
-4.759166645609957; 2
4.6595968271851955; 0
-13.49198801151124; 2
13.523887373472157; 1
-4.486846942634262; 2
-5.0077053735307056; 2
14.67105228493951; 1
-12.3888693924197; 2
15.35860908833247; 1
-2.4861872824803286; 0
-3.375196190066945; 2
5.926019542937479; 3
-4.201156629379281; 2
-12.141168939439597; 2
12.692559281300166; 1
-10.994573107892583; 2
-13.19795334904946; 2
-3.1566918020480927; 2
13.644059890035608; 1
15.509428048297213; 1
-2.7946729702737247; 2
5.455729514956665; 3
14.46333202264481; 1
-12.29584998001207; 2
-4.3822272105050954; 2
-4.426294579281692; 2
15.089398949806862; 1
-5.879013409188388; 2
14.762512055346257; 1
16.14764028690547; 1
-2.224320899084003; 0
15.6434832377616; 1
6.028761280519782; 3
6.841425019268875; 3
17.61870186193058; 1
12.901846331866977; 1
-13.970373638641014; 2
-3.1888857079361035; 2
6.595641637500601; 3
-2.5592196300714485; 0
-4.865259052879443; 2
5.135384260585121; 3
-3.8187480944683365; 2
-4.203621619396636; 2
-12.350731320438868; 2
-11.538774632495304; 2
-4.1110747977759; 2
6.0970713402787275; 3
-11.84863331747228; 2
6.856470577170104; 3
-12.083457946829759; 2
14.428663700677753; 1
5.982871424912558; 3
-4.231984100405433; 2
-15.35148707563075; 2
-4.035676224868511; 2
-12.081887934717649; 2
13.466426349119775; 1
4.90435862629086; 3
14.798079885678291; 1
-5.337852365191951; 2
-13.663018378178329; 2
-13.125509242666912; 2
-3.1776448290131323; 2
15.185188435987257; 1
-3.9260115964711515; 2
-5.411764448000593; 2
4.398831457364399; 0
-12.365342535701169; 2
6.189369869598209; 3
-10.99388235226165; 2
5.229462594498355; 3
-3.107039627004976; 2
-12.62962905583362; 2
-3.454108995535172; 2
15.485983680366779; 1
-11.276954912325312; 2
-11.866208166129324; 2
16.64963382185431; 1
-2.5112330639702294; 0
14.981429435627936; 1
-5.863193569763287; 2
15.28168833637441; 1
13.68838088904959; 1
-12.9618125313945; 2
-5.572147490732662; 2
-13.029491320869525; 2
-12.033017714536989; 2
-12.198913736432928; 2
16.02466953187419; 1
-12.977975426121283; 2
5.1066566211798605; 3
-2.9461110366090106; 2
-13.177518540458912; 2
-4.610035824857324; 2
5.399331705348695; 3
-12.087582842135037; 2
15.857847421528225; 1
15.50803377144275; 1
-4.882688379890254; 2
-14.421659179734576; 2
-3.8162396635385845; 2
-4.370666373102841; 2
-2.698455482271792; 0
15.820170338767317; 1
7.065630435310804; 3
4.729359585645236; 3
14.625018407369101; 1
5.127478150694921; 3
-3.6086040227073752; 2
16.301714760279427; 1
-2.0579736555381087; 0
14.383407008633613; 1
-12.566109353422876; 2
5.457532920640827; 3
14.781086124157728; 1
16.411909364184; 1
-3.934336715366296; 2
13.433915949364332; 1
15.851337125933371; 1
3.9378013185396936; 0
-3.1060719717749685; 2
-2.9654688492955565; 2
-10.95055910001936; 2
-4.228551573951094; 2
-11.351375044239763; 2
-3.684362476293877; 2
-13.077100338452944; 2
-11.524566872356868; 2
-5.801833838837591; 2
14.849204261965369; 1
-3.712220378086249; 2
-13.559429299462378; 2
7.294363681765341; 3
6.856008788977597; 3
6.22136951167853; 3
-3.357221039496073; 2
15.500737664295109; 1
-2.891099335630221; 2
13.490275949794796; 1
-12.881716357998062; 2
15.568602316696069; 1
-3.368986861464362; 2
-3.143913660459912; 2
-4.898782828045443; 2
15.107357143688553; 1
-4.514011185250324; 2
-5.284026458059803; 2
-9.658012577895551; 2
-3.5596542223885494; 2
14.944616534800529; 1
7.182200079012915; 3
14.893006959462348; 1
6.1960845438181735; 3
5.867310039453656; 3
13.397521588760375; 1
-11.865549984680422; 2
-4.214294565983345; 2
6.814214441642308; 3
15.30150419483192; 1
6.499952609039278; 3
-3.6900269861188177; 2
-2.9530951503056535; 2
14.72377099014729; 1
5.467372223544613; 3
14.927618361333431; 1
-3.5877650338220306; 2
-14.258147456367386; 2
-12.780842732177963; 2
-12.489951035760058; 2
5.234642858579097; 3
-12.172375938733355; 2
5.416989970946384; 3
-5.468444224947673; 2
-13.163603722363394; 2
-12.888729748480687; 2
-5.0621726407011955; 2
6.568954466558565; 3
5.357631438625566; 3
-5.210461302654366; 2
15.415694609736741; 1
3.7341910418685047; 0
6.155337677430847; 3
-3.7558271585092706; 2
-3.5957576545952157; 2
4.030931634843651; 0
-3.741704931470483; 2
-4.156197074757293; 2
-11.860669861306778; 2
15.432339874202055; 1
-1.9672109280107266; 0
14.010400546952447; 1
-13.267451615148065; 2
5.068091737381917; 3
-4.102637272199185; 2
4.022619404089324; 0
5.069553960331892; 3
-4.9690577972616925; 2
15.444836850365439; 1
-3.048508984741365; 2
7.302539477392017; 3
-13.769903627885657; 2
-2.524131033201586; 0
6.4635823788471285; 3
-4.679001254635076; 2
-12.285078810818014; 2
-3.8786683302479656; 2
5.210850591387531; 3
-3.6822527580904056; 2
5.269016486022971; 3
-10.40331694327146; 2
-2.9716765369003975; 2
5.185138355098581; 3
14.289670127328524; 1
-11.98273335131562; 2
-10.710449209557947; 2
3.895125611020151; 0
4.962430999579741; 3
-13.025354044295618; 2
-4.418721511187611; 2
-12.553319708352076; 2
5.293592319737618; 3
13.809867502370926; 1
-3.3721416961909236; 2
14.131078244464037; 1
4.4681766564258885; 0
13.971318533875003; 1
-11.9350138549706; 2
3.6102717807489864; 0
7.5703965297593285; 3
13.560220422900917; 1
5.349014125065734; 3
4.064942198698914; 0
-3.8193824355875576; 2
-3.1675184815993287; 2
-10.815801219460317; 2
-4.892016150878308; 2
13.28560964997726; 1
-4.023000934266621; 2
13.692522502519072; 1
6.238974132580674; 3
-10.038546467213923; 2
5.7157605676706975; 3
14.642684875255956; 1
14.58549479395047; 1
16.21167919137886; 1
-3.8082270571589714; 2
15.455807215317751; 1
-4.859728011682618; 2
4.613035622135306; 0
14.559739940730765; 1
-4.627864171772523; 2
-12.789729130213285; 2
-12.393693470693494; 2
5.918135410913013; 3
14.441572495624982; 1
-3.7806944470348935; 2
-3.636136992964704; 2
-12.385911550139866; 2
14.440552256246663; 1
14.179730829205356; 1
-12.091905364501535; 2
-4.330244428543671; 2
5.065205171403273; 3
14.727051326330832; 1
5.8707261012620116; 3
14.935095052291373; 1
-2.5010024954067647; 0
-11.964255385333626; 2
13.770958309319631; 1
5.680128021280229; 3
6.353222048190215; 3
6.277212253563082; 3
14.77897242481368; 1
-5.412355845968832; 2
14.14903643657096; 1
-13.796587774283497; 2
5.928474474931688; 3
-12.721603516664928; 2
-10.43408685739093; 2
5.952937089429271; 3
-3.465645251067106; 2
14.661094917570821; 1
14.070563554373257; 1
-2.1821835486003844; 0
4.2255919320168145; 0
-12.78372099709777; 2
-10.669310016297304; 2
-11.91176249314872; 2
6.424034502002954; 3
-13.404716714531599; 2
15.494809462560069; 1
-11.674738155592857; 2
-12.709748535611523; 2
6.3402793963469515; 3
-11.44473699199091; 2
-3.484944261386004; 2
5.211966465388331; 3
6.895190157707284; 3
14.977331893611007; 1
6.926833390555657; 3
4.40477359374892; 0
6.524241633061697; 3
-14.366584696771206; 2
14.585169832968722; 1
-3.521121594484786; 2
16.128798024787322; 1
6.748619047145341; 3
14.470159840587135; 1
-3.2099401746689553; 2
-2.670582135302563; 0
-13.112491697971276; 2
-4.200292499366362; 2
-12.965981020728327; 2
-11.933300947592638; 2
-2.460392344378721; 0
16.794727522289985; 1
-4.113588252670707; 2
4.975417557439557; 3
-3.0112044617602214; 2
-4.468943027642519; 2
-4.011364352454115; 2
-12.046206209548288; 2
-12.281335583848218; 2
-11.881977541133976; 2
5.700131808971349; 3
15.78275759334368; 1
-5.134113239330256; 2
-14.462771477872536; 2
-12.92316236596831; 2
13.507412979233429; 1
4.468567538519444; 0
-11.978033928017496; 2
4.609664527221047; 0
5.121960085368426; 3
14.217389873381448; 1
14.40548742169138; 1
13.853378375358279; 1
-12.577353907285975; 2
-3.29273521912443; 2
-3.8018525730013684; 2
15.388391359325032; 1
17.054501425248944; 1
14.45518160555517; 1
14.015177427305721; 1
15.338658519490881; 1
15.632266763385164; 1
15.455159991536515; 1
7.333945396025198; 3
13.09552956278629; 1
-13.056278041881475; 2
-3.447390164119071; 2
14.37103588894852; 1
14.89797168439169; 1
-11.836934520855497; 2
-3.8135893304392283; 2
16.547211655152278; 1
-3.750982674173516; 2
15.629607110655428; 1
-4.834388197907617; 2
-12.898650589817732; 2
5.303850322928287; 3
13.342229768261197; 1
-4.681585930818752; 2
6.072702250996118; 3
-3.4367530536192707; 2
15.84451284997418; 1
-4.662913569677746; 2
13.803773667434537; 1
14.470140465461423; 1
7.119404202352588; 3
-2.1517214210998796; 0
-12.094477465535; 2
-3.9394337437764126; 2
13.891778702540739; 1
-4.839035546017492; 2
14.311937828363298; 1
-13.871413986339133; 2
15.253400517220113; 1
-10.478570574576771; 2
-3.5985518811905886; 2
13.916597107806; 1
-12.60102720772836; 2
-4.806804837211006; 2
5.851146992100115; 3
-3.232300282284854; 2
6.984233741264824; 3
7.256074528917122; 3
15.91775020641834; 1
6.791785754197568; 3
5.480031214598777; 3
13.306010077409159; 1
-3.275064882126746; 2
14.43177652936857; 1
-3.4360476629157093; 2
-13.857733890697887; 2
5.3599414358341875; 3
4.695093242441831; 0
-12.13023059854249; 2
-13.758384519447747; 2
-12.551463758661555; 2
14.688448371081824; 1
-11.49652549614703; 2
4.241874896281145; 0
-11.887240759565916; 2
-5.465265113788993; 2
-3.851625029018015; 2
-2.868714364008809; 2
13.853318965624272; 1
16.01597467007462; 1
6.248193069290353; 3
6.972326543350963; 3
-10.753728375544483; 2
6.645445322806279; 3
-5.211105568954404; 2
-12.084904669191486; 2
14.418408259719051; 1
5.6484384161186565; 3
-4.5636597605207285; 2
-13.546091991942628; 2
-4.058482579806003; 2
-4.221989825681427; 2
15.105529303209714; 1
5.037948635817481; 3
7.170979250342281; 3
13.728326020375965; 1
5.504105596414892; 3
13.168559971797132; 1
15.275689363866439; 1
14.197381521083633; 1
-5.24940760437542; 2
14.742306431294212; 1
-13.331276281461742; 2
-14.046097103254333; 2
-5.397282232708275; 2
15.179656413724375; 1
13.075113893610784; 1
-11.525532957084879; 2
-12.157569123674952; 2
-4.970281300152257; 2
5.087471542084612; 3
-13.60049386747614; 2
14.713259227907871; 1
5.608630691256763; 3
15.202078182922145; 1
-12.543016360589768; 2
-2.9745463606409475; 2
-10.93989600084152; 2
5.379788863540866; 3
15.290735331070787; 1
-4.3340987984399355; 2
5.520660484981162; 3
-12.910013941829991; 2
-5.783424336506828; 2
-4.182606056741336; 2
5.566304692494107; 3
-11.179090081918913; 2
15.481081435625294; 1
-3.5051863266702896; 2
14.568277219218652; 1
-13.358503815778201; 2
-4.814066770556145; 2
5.821550751780992; 3
-3.7985699712088996; 2
-4.9441298896199815; 2
14.694141226519033; 1
14.223387588957811; 1
-11.925970404718734; 2
7.5612079645872505; 3
-10.68269155534258; 2
-4.250354892366107; 2
-3.3540197444318367; 2
16.26255403193136; 1
-2.8808865979053877; 2
-11.75367360929964; 2
15.368700195427621; 1
6.59969880418116; 3
15.08756828850476; 1
-5.583171297809739; 2
8.793547001393836; 3
-11.669980487499608; 2
-11.772236672653458; 2
17.00145213558658; 1
6.415090602311532; 3
-2.671376509171388; 0
14.819907763508805; 1
-14.0402399752717; 2
5.667728643071456; 3
15.315324878543102; 1
-3.131097236553017; 2
-14.073023494906343; 2
-3.7147099414268663; 2
-12.078174285403842; 2
14.941292976392228; 1
13.646390980669988; 1
-4.4350345523153045; 2
-11.61805484799203; 2
5.200154464822711; 3
14.312071429032995; 1
13.892685263867376; 1
6.287570959909659; 3
-13.161288762057284; 2
14.850290673715145; 1
-11.596852911286973; 2
15.429527373777198; 1
-3.9668341541875254; 2
15.953790470074507; 1
-4.7142297809289655; 2
-12.07735027197574; 2
-4.253545099404581; 2
-11.96874109621631; 2
-12.533507954861209; 2
-4.927518967365779; 2
7.344978191168463; 3
-12.3699244386688; 2
-3.2656860720548746; 2
6.590506771651295; 3
14.297514732959476; 1
-11.442034335836224; 2
5.876249430308793; 3
15.126613195202594; 1
14.910091691638042; 1
13.550158776324148; 1
16.757391909760756; 1
-13.738002400604614; 2
13.508200507061384; 1
-4.022500656234423; 2
5.270340351348512; 3
-4.289977364937076; 2
13.873901903860725; 1
8.269273266139649; 3
-12.669471879666855; 2
6.359146926506579; 3
15.605992271616106; 1
-12.894639739832156; 2
-3.2781845719019174; 2
13.858529502541183; 1
-12.85257507169091; 2
-2.897384391688174; 2
5.588860351864733; 3
14.080043339906716; 1
15.863440235985808; 1
4.8832246460226365; 3
-4.8059428093160665; 2
-11.736654899406426; 2
14.975220611814347; 1
5.519546964843872; 3
14.81973195631801; 1
5.813966425452069; 3
6.605249150235925; 3
-2.051294545272525; 0
5.139899959003526; 3
-2.193748491099667; 0
14.071699238759933; 1
-12.939797742728345; 2
16.26348751642283; 1
4.835128091164366; 3
-5.577260681656481; 2
13.761149550996862; 1
-11.74063222552611; 2
14.333957923846516; 1
6.08813262425771; 3
-12.371803607185589; 2
-14.892206668601355; 2
-2.1602281246749753; 0
7.6519945011822; 3
6.990305757210842; 3
-11.557161775875874; 2
-4.101027076855821; 2
-13.373823922222984; 2
-11.477262448730482; 2
4.799862379235488; 3
-10.545281457672282; 2
13.33840778086593; 1
-3.6928341340220774; 2
-11.27314273699785; 2
-4.26626043107134; 2
13.500132568106633; 1
-12.090646476805961; 2
14.531827274053946; 1
-4.150464119938405; 2
4.5603441236112765; 0
4.141850886844768; 0
4.98121973284993; 3
-5.033260958464444; 2
6.897636063118359; 3
15.637153490833475; 1
13.387803053266914; 1
15.266494493233862; 1
-3.920693771624425; 2
-4.0966614884144334; 2
15.289375325424565; 1
16.398444129451523; 1
14.323697406771409; 1
-3.737377470869174; 2
-2.71837723938107; 0
-2.8992369422485105; 2
-11.782578198523401; 2
14.63888649994082; 1
7.576588503139134; 3
14.750544928393921; 1
6.999114272798703; 3
6.826502241720858; 3
4.557203161896585; 0
-12.703874426977245; 2
-1.802042847306975; 0
13.994349312796563; 1
6.295837318907439; 3
4.698820158208289; 0
-10.580966083223645; 2
15.443217970084447; 1
-14.012457249447241; 2
-4.3167924546288585; 2
5.531466210095053; 3
-12.60017501309564; 2
-3.75292825209722; 2
-4.348761001930272; 2
5.142042169654524; 3
-13.094477653955368; 2
4.196471009233932; 0
14.288306712782655; 1
7.193968722686858; 3
7.085324445532145; 3
-5.56452900432909; 2
14.174481982286968; 1
5.855505260589777; 3
-11.166332290442437; 2
-2.9874615549138896; 2
13.750450098448276; 1
-11.900856657434073; 2
-11.743203692078023; 2
-13.19201680921422; 2
5.876031841121892; 3
-4.004632966436255; 2
-4.571559269760013; 2
6.50126639434211; 3
-4.978799309937905; 2
5.650908372863971; 3
15.119719552037992; 1
6.347894606708411; 3
-3.451759084961704; 2
5.208871015361293; 3
15.66151854907364; 1
-4.056264953735688; 2
-4.041518120545; 2
-3.636928547285947; 2
-4.29404768409566; 2
6.008811192657816; 3
-12.191261027960447; 2
13.86112869695246; 1
-11.010237394557334; 2
-12.492418533681754; 2
5.560085140308075; 3
5.374143174373066; 3
-2.5917002068766313; 0
14.315934861761951; 1
15.763289761496603; 1
14.496630886437087; 1
3.9029043394940537; 0
14.41539320730887; 1
-11.485054603114872; 2
-4.291125308305041; 2
-4.732757148876942; 2
7.842291199642419; 3
5.594397217463463; 3
-10.637649748265085; 2
-12.888067806590795; 2
14.130196369029955; 1
5.2596975789746105; 3
-5.023019661196845; 2
-13.15891194091289; 2
-2.5410737136751935; 0
14.361411427029582; 1
6.434125788096504; 3
6.66725591696894; 3
14.85902579616772; 1
3.528497972280138; 0
4.526217697268165; 0
-3.7909923555903475; 2
16.27545052758669; 1
16.473549192413117; 1
4.306311509320251; 0
5.702009919931485; 3
13.157669972375695; 1
-4.431603181215756; 2
14.632806916434937; 1
-14.6655904583787; 2
15.890064844212135; 1
-13.564114043125134; 2
4.019091462163702; 0
-4.548923295563622; 2
14.691562908729907; 1
15.318096731195492; 1
14.01696244966344; 1
-11.68901040678709; 2
14.4065436952005; 1
-13.151947632893613; 2
-4.559510451618204; 2
-3.7344213404861897; 2
5.576600212657585; 3
12.930031687101296; 1
13.011936770322814; 1
4.812183482106077; 3
5.685116421522977; 3
5.317216353842654; 3
5.884636405320245; 3
16.10476927058823; 1
-3.8174243142216384; 2
15.850419350077614; 1
-12.668964019640674; 2
-4.136466036793361; 2
-5.840100303764499; 2
15.63860649478801; 1
14.333856546521039; 1
-4.786315988876676; 2
-12.138366854768032; 2
-13.682333559007558; 2
7.184900411469796; 3
5.590740930726824; 3
-11.885648325162686; 2
-3.892810488892832; 2
5.233078289222409; 3
13.859303440577087; 1
-4.299487069653896; 2
15.594240401027998; 1
4.736982704885643; 3
15.848260919108988; 1
-10.667361952736115; 2
6.906044508458598; 3
6.633007987686657; 3
-4.003232413406787; 2
-12.14632721191355; 2
5.550234530587356; 3
-10.827719003707575; 2
6.633291455286466; 3
-13.638387617249595; 2
6.7406484894352365; 3
8.528514230270348; 3
12.773955641677265; 1
15.421183574446582; 1
-3.2838289641782756; 2
14.542084952536891; 1
-10.906156190173359; 2
15.960548982184026; 1
-11.546088431292377; 2
6.038974989988815; 3
-3.8656047209302993; 2
-10.795978201936585; 2
-4.710480901256366; 2
6.044590466209582; 3
14.270714135068532; 1
-12.835438470182135; 2
-5.741406565156024; 2
-13.31845049242803; 2
5.141017722779421; 3
-10.976920343922819; 2
-4.5600667291367865; 2
-3.3298905995137043; 2
4.89471497011839; 3
15.818512856457412; 1
-12.059122874002256; 2
-3.4155641758116757; 2
12.756386534373144; 1
-3.9072538270071013; 2
13.839136556780677; 1
13.611923626379454; 1
13.185698863486879; 1
13.244628903824724; 1
6.70283729535159; 3
16.553056188866066; 1
-4.2680700663882565; 2
5.135363894471906; 3
-3.2375507545180784; 2
-13.698050908184863; 2
12.663564395591171; 1
-11.151706864079909; 2
-11.641765421622106; 2
-2.0168902335813694; 0
-4.880062526779197; 2
-4.667225085029573; 2
-3.5179921144691932; 2
-4.902996655343432; 2
7.077186566310287; 3
-4.301995667302323; 2
-12.557886961891926; 2
13.877269349822528; 1
15.184244508902529; 1
14.594206300513937; 1
-11.365002682135287; 2
14.75747861667135; 1
-5.3980421598090444; 2
-4.3366280943240225; 2
6.113509608513467; 3
-3.9872510069823806; 2
-2.3015962401807495; 0
-13.401873845524344; 2
-3.2419106086365908; 2
-2.629967746450793; 0
-5.125200750329006; 2
15.91006605907944; 1
-2.5033287902035823; 0
-11.550298634661358; 2
-12.641807356118024; 2
-3.5292958922664477; 2
-3.6047712517565844; 2
-12.394128101092532; 2
8.58792126746908; 3
15.416170845170114; 1
-3.3024726259948363; 2
-3.596073268174698; 2
-13.254373083152052; 2
-3.9255619861302478; 2
-4.368511944280705; 2
5.082907727524803; 3
-14.232252528068596; 2
15.824677875576835; 1
-12.868013155873058; 2
6.545947770683279; 3
4.661008697119885; 0
4.960980268401497; 3
6.457822413099868; 3
13.859305539280356; 1
6.252004464614416; 3
-6.422941053716376; 2
-12.424001195817988; 2
15.530734560660202; 1
-4.706982638423019; 2
13.438321280425784; 1
5.644561104848509; 3
-3.354106152277927; 2
-10.25948189850374; 2
-12.062230001563073; 2
-13.876734448215837; 2
-4.033355565868375; 2
12.956765373183885; 1
-4.033695391728462; 2
-12.9690169140649; 2
5.433645392066335; 3
13.541009736659566; 1
15.945657136471132; 1
-4.8196044598851975; 2
-12.915565258828456; 2
13.997770773951421; 1
6.775402257329303; 3
5.3175766597390846; 3
-4.059596016311346; 2
-11.109517816191747; 2
-3.9469361340543734; 2
-4.077621849647203; 2
6.733124288418155; 3
14.946975008986858; 1
8.10835336804077; 3
-12.471398563127279; 2
5.624193957594019; 3
-12.514284188905954; 2
-10.909643273051051; 2
-13.787385189021338; 2
6.062613499611098; 3
-11.121675870143406; 2
-13.58913506921658; 2
-5.493083228673809; 2
-5.278590488560328; 2
-13.058658607179323; 2
-5.1887773584136205; 2
14.190937648127717; 1
14.447427745634416; 1
5.551046782843099; 3
6.9545082017376405; 3
-11.898553749155568; 2
15.063498755470397; 1
-11.390803921248148; 2
14.891583725719592; 1
14.71601923080717; 1
-3.8174139912165646; 2
6.618141387848354; 3
-3.65768088990304; 2
-12.33598035233137; 2
3.9115343970839884; 0
6.56823628992915; 3
15.900915423806342; 1
4.501648411487275; 0
14.290170181689462; 1
-12.904820637141972; 2
14.08832877358167; 1
4.302166753205651; 0
6.476771933437649; 3
-11.984448750922851; 2
5.708003582406572; 3
-13.435381169532514; 2
-14.454626147057423; 2
14.871822082773871; 1
7.007941920012517; 3
-13.182519859078822; 2
-11.97216047923671; 2
16.1403527607876; 1
4.369209619117237; 0
13.384439340372579; 1
-3.222501435057894; 2
6.909613093579313; 3
-3.346771681470608; 2
5.184492057273729; 3
-11.371220932970694; 2
-3.191025766015159; 2
7.106909468204048; 3
12.667360171635009; 1
6.7262432010454125; 3
14.127409769170301; 1
-4.53897886102506; 2
-12.528387248493734; 2
5.270677416004334; 3
-3.5715698255014665; 2
-14.207908879539646; 2
14.755004503576266; 1
-11.235381372442705; 2
14.22906863581162; 1
5.546979095298868; 3
-2.632274404821797; 0
13.783104124976433; 1
-3.6553255606789827; 2
-12.299939433646967; 2
-3.839199193756315; 2
4.574022479050721; 0
5.602607502558829; 3
5.614850698913313; 3
15.834374323032954; 1
-12.171131759576278; 2
5.4082685002247155; 3
5.99314755276509; 3
-4.2458903462519535; 2
6.131136699397906; 3
6.211228376715564; 3
-4.628254130297858; 2
6.640524924799275; 3
4.299967736208066; 0
14.392876726340434; 1
-4.784408327435192; 2
-5.160180693770485; 2
14.785851392242703; 1
14.818437472518257; 1
14.967231733133145; 1
14.365769013544858; 1
5.3649768248006104; 3
-4.389003991950269; 2
14.136828333382072; 1
16.524450479849083; 1
14.1411738525505; 1
7.216134594109015; 3
-13.699226603551203; 2
-3.556799639148984; 2
-12.006444443776248; 2
-12.360447552383075; 2
5.4477883771728814; 3
14.029709789393923; 1
7.767629016037966; 3
-3.7028394348298046; 2
15.09922180644769; 1
15.476509860059394; 1
6.58043967151426; 3
15.166400323702712; 1
-5.241135068717435; 2
15.76471419133347; 1
-12.53244026427949; 2
-10.924023434683605; 2
5.740665924516179; 3
6.036598851454258; 3
5.282323721399461; 3
13.817144535705166; 1
5.815262879773838; 3
14.96664926465246; 1
5.81885594309652; 3
-4.466328399056307; 2
-6.135889290407172; 2
-3.8710610441137625; 2
6.216494339207699; 3
-4.700752613733936; 2
6.033365308857414; 3
-5.507739723218213; 2
15.363426435905092; 1
5.3864570654896715; 3
-2.7085807274779405; 0
14.577312172447568; 1
-4.620356460484081; 2
5.995593047358653; 3
13.881146856708856; 1
6.77310277783559; 3
4.914037301797503; 3
-3.9016763486396666; 2
5.509055627026693; 3
-13.766544710795557; 2
14.353947481050962; 1
-11.306490455327413; 2
-11.019234795437402; 2
-4.688884227719661; 2
-1.9165626756616536; 0
-4.113145049489425; 2
5.572948059633186; 3
5.952870645774721; 3
14.370332447446632; 1
-2.5702935002002825; 0
5.796237283899291; 3
4.976893285502483; 3
-13.386359866424092; 2
-3.6300589045746463; 2
-11.933994030267046; 2
-12.309269988127932; 2
4.885133379739479; 3
14.673789170288051; 1
-12.215813568854918; 2
-3.9334877487065185; 2
-12.19823632652141; 2
7.416149043071013; 3
-4.569571431618745; 2
14.899943563036791; 1
-4.439152473132712; 2
13.640265111624522; 1
-3.5080176174818156; 2
15.845189445696935; 1
15.614011552603115; 1
-14.287053141679886; 2
-3.105070246726531; 2
15.833679851211818; 1
-12.098633167687115; 2
14.594502029455558; 1
-12.596694084903012; 2
-5.066563679027061; 2
-11.677498659177893; 2
-5.1161698048388144; 2
14.794933975018306; 1
-3.954207796557988; 2
-11.518595747473503; 2
-3.5552353979669706; 2
-13.30715244737399; 2
-12.687305765494258; 2
5.210711476217335; 3
-3.5408137635964883; 2
4.7879529744577525; 3
-5.534944133980429; 2
6.619869275937935; 3
-4.085470522993122; 2
14.968764113241045; 1
-11.234310321895054; 2
15.301661031259012; 1
-12.970185058507202; 2
13.199720118273506; 1
-12.840136248891502; 2
4.923443179570355; 3
4.566958911504034; 0
-3.9361492600316272; 2
5.850844283427443; 3
15.802678640089283; 1
6.4346816655261385; 3
15.91714994430457; 1
-13.091110654323884; 2
6.616122819003335; 3
13.763086833494238; 1
-4.59902569707317; 2
-12.48789220639133; 2
-12.534899012773982; 2
5.8028758126911875; 3
5.463195763371923; 3
5.911083935338699; 3
7.020177344633652; 3
15.11142138016352; 1
15.710923956502333; 1
14.626366466178371; 1
16.796112724597013; 1
-10.562277601224647; 2
6.365623514243411; 3
4.7592287486630225; 3
13.642084287781323; 1
5.136816310650542; 3
7.50616719704795; 3
5.772515175698566; 3
14.90616281516099; 1
-12.332795474321287; 2
6.446124027568098; 3
17.57508879933269; 1
-4.614894082688347; 2
-12.89875118743435; 2
-11.623598143494592; 2
-2.631542374695308; 0
6.48134684050636; 3
14.110767730241443; 1
-13.781096734524183; 2
-11.637778749345605; 2
-4.083340950793288; 2
15.247863819025932; 1
5.9425475953682; 3
6.693359445742721; 3
-3.3247364715772987; 2
6.408046876567739; 3
14.663084854232377; 1
-13.141032663916073; 2
-13.372832860415638; 2
3.3233896417291255; 0
-11.474516481736295; 2
15.01677764569149; 1
-11.303797132422696; 2
14.307602129322488; 1
-12.401566995607004; 2
-12.36606239435208; 2
14.182378954722449; 1
6.390519752103465; 3
-11.375621369402312; 2
-13.371315330282561; 2
5.72452011938107; 3
-3.1956447199546867; 2
15.53580032708961; 1
-13.506042317246495; 2
15.199224017489716; 1
15.374686587731077; 1
-12.199182095443602; 2
13.469994379587714; 1
6.89774596958968; 3
-10.620365724246593; 2
14.095819775961498; 1
15.443927543554132; 1
-10.135675261471182; 2
13.681466296623817; 1
16.064792931183504; 1
12.974618984147648; 1
-4.076525249653643; 2
14.300540083107215; 1
5.326890472516355; 3
-11.129519264925024; 2
-4.875962209295375; 2
14.127786085629367; 1
5.580272640394167; 3
-4.656118015015458; 2
-12.973277358655888; 2
-12.735732239254808; 2
16.177899245088703; 1
-11.267449193312324; 2
-4.5862000564770815; 2
-13.163871986047075; 2
4.951943188863704; 3
-2.9750765976843114; 2
14.519873682485112; 1
14.591044408487829; 1
-3.6232269362334497; 2
-11.674725911117644; 2
-4.748621379255606; 2
-13.315988791460182; 2
7.310303113235233; 3
6.3213294044426664; 3
8.256147912133073; 3
16.816918278174928; 1
-11.866247238785862; 2
-3.87012086622857; 2
-13.470181187204288; 2
14.873320604308837; 1
14.532861534301372; 1
6.17965298741875; 3
5.388213498374041; 3
5.400362739040437; 3
14.676875005481856; 1
-11.05220516310471; 2
6.70091999747773; 3
-5.8491479138972124; 2
-2.984700580803741; 2
-13.331176863282455; 2
13.74015892309346; 1
4.984754917534991; 3
-6.206573205403679; 2
14.887316065401693; 1
-14.070826939055875; 2
14.45721007534279; 1
8.13781147816669; 3
5.231317240326434; 3
-4.261501153239499; 2
-12.697651847424957; 2
-10.672987190163731; 2
6.636776739249445; 3
16.33781092942829; 1
-13.718720725570236; 2
5.401581783477686; 3
-4.598921563413294; 2
13.955747593922093; 1
-2.7224198962111235; 0
-11.874643966396352; 2
15.541717287854247; 1
-3.2652336954744747; 2
-2.531676502487244; 0
15.315689794623816; 1
4.47892344971486; 0
16.18227529916487; 1
-6.044852836866832; 2
6.781000442874698; 3
-11.443124810612876; 2
6.923213164452255; 3
5.457487331837592; 3
-12.2882407472477; 2
6.465292213132156; 3
-13.185015945969807; 2
-1.5027509709525777; 0
14.998836386566278; 1
-3.630776375763454; 2
-12.59603505129316; 2
15.114359825246126; 1
-4.771226612741131; 2
-13.26567648201241; 2
-11.898507082580664; 2
-10.782421099328328; 2
-12.923961643431324; 2
-3.5367705532098643; 2
-2.2882980167216695; 0
13.95651977450856; 1
-2.9261547419498695; 2
-12.518953434544462; 2
-3.231859692707216; 2
7.914922852244087; 3
13.745847198231338; 1
-11.736079319910138; 2
-3.7658722860282032; 2
-4.154685567998215; 2
-11.567845652919395; 2
14.991556765306978; 1
14.304613856281888; 1
5.13394070419751; 3
-11.435597974814812; 2
13.356001177705839; 1
15.743580192550075; 1
6.080379173990721; 3
15.41992658319517; 1
-11.517412470919986; 2
-4.263083453534467; 2
15.396540616392905; 1
-13.540956188674452; 2
15.254089176610472; 1
-5.369961670036616; 2
-3.9650783590649263; 2
-11.33493315303021; 2
6.196671017431721; 3
-13.45281703268189; 2
-3.90381278277365; 2
4.96052041705421; 3
-3.299340348876946; 2
-1.676430582250696; 0
13.178047473989416; 1
4.7051867325271175; 0
-13.342095116508426; 2
-12.123025415782303; 2
-12.853360356288325; 2
-14.593635255971911; 2
-13.413334052391699; 2
-13.139091911148961; 2
-2.606504860810526; 0
-13.209306903264494; 2
6.78871985704836; 3
5.283484623757568; 3
-13.32322765810677; 2
5.760535840600421; 3
-12.353138601004302; 2
4.874000690226247; 3
-1.5756571094306442; 0
-11.835515245929184; 2
-12.699965923100223; 2
-3.2632086767153385; 2
-11.42873226397705; 2
-4.079995192193623; 2
-3.194920693311909; 2
14.483752870000338; 1
-12.584553835308913; 2
-4.012109706272521; 2
14.721773074108258; 1
5.705168773079604; 3
-13.686512361549207; 2
13.143567983170154; 1
5.571724010040934; 3
-10.568998540647359; 2
15.912437517829197; 1
4.1256895386972605; 0
6.182170445752732; 3
5.365969284616087; 3
6.915796072553082; 3
16.157326435677195; 1
6.795223014329071; 3
-10.353307515153249; 2
-3.591578219234282; 2
-11.417777483918284; 2
-3.691841077582342; 2
-12.08550021472405; 2
-5.763660775177283; 2
5.617457820352639; 3
5.471899713293197; 3
-13.428161733087078; 2
-3.5586733681863874; 2
6.970450171087712; 3
5.295051523839425; 3
6.402091872289246; 3
16.033137575282662; 1
6.096937669556187; 3
-12.442134609912141; 2
-11.245042225367675; 2
14.659900649884234; 1
-4.877075825661324; 2
-13.128405341276501; 2
15.07804980712826; 1
14.944064205835163; 1
15.59412512775153; 1
-3.9691487537699035; 2
14.863090844423533; 1
-11.681252388182882; 2
-13.123105453712613; 2
-12.605299073745527; 2
-11.043599544348194; 2
16.230585477349955; 1
-12.235702917734223; 2
6.283359741577597; 3
-11.57188563144536; 2
-11.954681608915578; 2
14.864096453576405; 1
-3.026347295919355; 2
7.1130326133138455; 3
-3.0023521774194064; 2
-11.514299678531378; 2
-3.8234038180972383; 2
-3.749501820829524; 2
-3.7888107660870665; 2
-3.043094128322786; 2
-13.004337461859402; 2
15.435485531861955; 1
-11.593609058784438; 2
17.59823195471272; 1
-3.5868055622254764; 2
-6.464663530133858; 2
-3.3214696704010707; 2
4.750181658958779; 3
-3.3700664663437045; 2
-12.214359559869001; 2
-11.899262963548487; 2
15.32510444085079; 1
15.787652725831766; 1
6.3513541512637355; 3
-4.406237557721867; 2
5.5718874586222515; 3
-10.691101159748111; 2
16.243128990228275; 1
-5.457200701870141; 2
-12.959309714798714; 2
14.465191809135293; 1
-3.706869053323711; 2
5.788354602543785; 3
4.162227975701866; 0
-13.845367545328212; 2
-12.264203473141889; 2
-12.024971824893527; 2
14.392769545102492; 1
6.286397186763449; 3
-3.466998052759725; 2
-4.118431836749869; 2
14.298816174475263; 1
13.406494503887135; 1
-1.216227236508153; 0
-13.965417863560535; 2
-5.010083194477551; 2
15.646102627480401; 1
4.363553707317648; 0
7.543418647963935; 3
-4.509180644532381; 2
5.731925760965696; 3
-5.574428266321342; 2
-11.441333817074119; 2
-12.539431172809195; 2
5.6287398967808855; 3
6.125175038690753; 3
5.227315662642571; 3
6.203186445697638; 3
4.358972780065261; 0
-12.882419234332104; 2
15.264063307868073; 1
-4.5194605259272524; 2
7.452049313245619; 3
4.049948830049129; 0
14.564549616500429; 1
7.327364060933948; 3
13.096543491684521; 1
6.013001458413757; 3
5.716302796607828; 3
5.512863283397925; 3
12.081671402155754; 1
14.518179124660294; 1
14.067031648987848; 1
-11.903679281389374; 2
14.302626576146938; 1
8.238920627552421; 3
7.630106895747186; 3
-3.3554854095569615; 2
-10.774718787311297; 2
-12.035870038568662; 2
-6.18020281017209; 2
-11.314784950371056; 2
14.762321934671503; 1
6.024994113618254; 3
-2.7009962294957344; 0
7.580733076772052; 3
-13.658702714104582; 2
-12.506749374178343; 2
14.758950603923905; 1
14.761141468032763; 1
-14.329090175540362; 2
-11.396834360372324; 2
-11.709046209611538; 2
-3.793837501282136; 2
-5.352564700590327; 2
-11.934307450186628; 2
15.327781311983175; 1
-11.019115050982435; 2
15.322288577285434; 1
6.330616784331253; 3
-11.730909720610683; 2
-11.652851621193713; 2
5.426221729946299; 3
-5.59249669430478; 2
-12.19023149695901; 2
-11.676197301241976; 2
-12.566495330772153; 2
-12.968135206480314; 2
5.778805140650984; 3
-11.686885247615812; 2
13.71253891730635; 1
14.824053097240064; 1
-11.761204907994532; 2
6.433697067652164; 3
-3.5779726786345334; 2
13.872393365727355; 1
-2.226992106007133; 0
-5.7471653696446126; 2
